Workbook

Sheet Read Me
B1: KIKFIA – Live Alibaba Factory Verification Workbook
B3: STATUS: THE LIVE ALIBABA INSPECTION HAS NOT BEEN DONE YET. Every company in this file is a CANDIDATE to inspect, not a verified factory.
B4: Why: the cloud session that built this file could not reach alibaba.com (network policy) and has no connection to your PC's browser. Nothing here was read from a live Alibaba page.
B6: HOW TO USE
B7: 1. Search Log – run each keyword on Alibaba, apply filters (Verified Supplier, Manufacturer / Factory, Trade Assurance). Record what you did.
B8: 2. Inspection Log – one row per company you open. Rows 1–27 are pre-loaded from earlier search-indexed research ONLY to save time; re-check everything live. Add new companies in empty rows 28–60.
B9: 3. Scoring – give each company its 8 sub-scores. Total, gate, suggested priority and rank calculate automatically.
B10: 4. Master Table and Top 10 – fill themselves from the Inspection Log and Scoring. Do not type in them.
B12: LEGEND
B13: Yellow cells = you fill in. White cells = formulas (do not edit). Grey italic row 2 in Inspection Log = fictional EXAMPLE showing the format (ignored by all formulas).
B14: Use exactly YES / NO / NOT CLEAR / NOT SHOWN from the drop-downs. If you could not verify something, choose NOT CLEAR or NOT SHOWN – never guess.
B16: CLICK PATH FOR EVERY COMPANY (do all of it)
... B35: Remember: an Alibaba Verified badge proves an assessment happened, not that every claim is true. Re-check before paying (see earlier REPORT.md, Section G).

Sheet Inspection Log
A1: # | B1: Company Name (legal, exactly as on Alibaba) | C1: Alibaba Store Name | D1: Alibaba Store Link (company/store page, not search results) | E1: Store link opened & confirmed live? (YES/NO) | F1: How found (Alibaba search keyword / source) | G1: Prior-research note (UNVERIFIED – re-check live) | H1: Date inspected | I1: Product Category | J1: Products Manufactured | K1: Alibaba business-type label (exact text shown) | L1: Factory or Trading? (FACTORY / TRADING / NOT CLEAR) | M1: Factory evidence seen (photos, videos, lines, machinery, workers, inspection report) | N1: Factory evidence level (STRONG / MODERATE / WEAK) | O1: Factory address / location (as shown) | P1: Factory area (m²) | Q1: Staff | R1: Production lines / machines | S1: Production capacity | T1: Years in business (founded) | U1: Years on Alibaba (badge) | V1: Verified Supplier? (YES / NO / NOT CLEAR) | W1: Verifier / assessor name shown (TÜV, SGS, BV, Intertek…) | X1: On-site verification? (YES / NO / NOT SHOWN) | Y1: Third-party assessment? (YES / NO / NOT SHOWN) | Z1: Other verification (exact wording) | AA1: Response time | AB1: Response rate | AC1: On-time delivery rate | AD1: Transactions / orders shown | AE1: Reorder rate | AF1: Rating (/5) | AG1: Number of reviews | AH1: 1–3★ reviews read? (YES / NO / NONE EXIST) | AI1: Positive review themes | AJ1: Negative review themes | AK1: Serious complaints (quote/summarise) | AL1: Repeated complaints? (YES / NO / NOT CLEAR) | AM1: Bad reviews found? (YES / NO / NOT CLEAR) | AN1: What can be customized (dimensions, layout, rooms, wall/roof/floor, insulation, MEP, frame, cladding, finishes, branding, packaging…) | AO1: Full / substantial customization? (YES / NO / NOT CLEAR) | AP1: OEM / ODM wording shown (exact) | AQ1: Certifications shown (with numbers if visible) | AR1: Main markets shown | AS1: Export experience? (YES / NO / NOT CLEAR) | AT1: U.S. experience? (YES / NO / NOT CLEAR) | AU1: U.S. evidence (what exactly) | AV1: MOQ | AW1: Product link 1 (same company confirmed) | AX1: Product link 2 | AY1: Official website | AZ1: Website matches Alibaba info? (YES / NO / NOT CLEAR) | BA1: Red flags | BB1: Overall assessment – should KIKFIA contact? Why?
A2: EX | B2: EXAMPLE – Sample Modular House Co., Ltd. (fictional – shows format only) | C2: Sample Modular House | D2: https://[store-subdomain].en.alibaba.com/ | E2: YES | F2: expandable container house factory | H2: 2026-10-06 | I2: Expandable / folding | J2: 20/40 ft expandable houses, folding houses, apple cabins | K2: Custom Manufacturer | L2: FACTORY | M2: Factory tour video with welding & panel lines; 3rd-party report shows workshop photos | N2: STRONG | O2: Hengshui, Hebei, China | P2: 20,000 | Q2: 120 | R2: 4 lines / 30 machines | S2: 300 units/month | T2: 2016 | U2: 7 yrs | V2: YES | W2: TÜV Rheinland | X2: YES | Y2: YES | Z2: "Verified by certification body"; Trade Assurance | AA2: ≤3h | AB2: 95% | AC2: 100% | AD2: US$500,000+ / 80 orders | AE2: 25% | AF2: 4.8 | AG2: 42 | AH2: YES | AI2: Quality matches photos; fast replies; good packing | AJ2: 2 reviews: delivery 3 weeks late | AK2: None found | AL2: NO | AM2: YES | AN2: Size, floor plan, rooms, bathroom/kitchen, doors/windows, roof, panels, insulation, wiring (110V option), plumbing, finishes, logo, packaging | AO2: YES | AP2: Drawing-based, sample-based, full customization | AQ2: ISO 9001 (no. shown), CE | AR2: North America 20%, Oceania 30% | AS2: YES | AT2: YES | AU2: US buyer reviews visible; 'North America' in main markets | AV2: 1 unit | AW2: https://www.alibaba.com/product-detail/[product-id].html | AY2: https://www.[company-site].com | AZ2: YES | BA2: 2 late-delivery reviews | BB2: Contact – strong factory evidence and full customization; ask about late deliveries
A3: 1 | B3: Beijing Chengdong International Modular Housing Corporation | C3: CDPH | D3: https://cdph.en.alibaba.com/ | F3: Prior research 3 Oct 2026 (search-indexed copy, NOT opened live) – shortlist #1 | G3: Label was 'Manufacturer & Trading'; HQ Beijing, factory Tangshan per CWB directory – confirm contracting entity owns the plant.
A4: 2 | B4: Ningbo Deepblue Smarthouse Co., Ltd. | C4: Deepblue | D4: https://deepblue.en.alibaba.com/ | F4: Prior research 3 Oct 2026 (search-indexed copy, NOT opened live) – shortlist #2 | G4: ICC-ES ESR-5348 covers framing only; stated 3,000–5,000 m² looks small for capacity claims; thin review history.
A5: 3 | B5: Hebei Weizhengheng Modular House Technology Co., Ltd. | C5: WZH | D5: https://wzhhouse.en.alibaba.com/ | F5: Prior research 3 Oct 2026 (search-indexed copy, NOT opened live) – shortlist #3 | G5: Several WZH stores/entities; some listings rated 4.2–4.4 – read the 1–3★ reviews.
A6: 4 | B6: Zhejiang Putian Integrated Housing Co., Ltd. | C6: PTH | D6: https://putiangroup.en.alibaba.com/ | F6: Prior research 3 Oct 2026 (search-indexed copy, NOT opened live) – shortlist #4 | G6: CWB welding claim not confirmed; few public reviews.
A7: 5 | B7: Zhuhai Remac Space Co., Ltd. | C7: REMAC | D7: https://remacspace.en.alibaba.com/ | F7: Prior research 3 Oct 2026 (search-indexed copy, NOT opened live) – shortlist #5 | G7: Midea-group company; may not take small orders; Alibaba details not retrieved before.
A8: 6 | B8: Guangdong Zhonghuilvjian Moving House Technology Co., Ltd. | C8: CGCH | D8: https://cgcontainer.en.alibaba.com/ | F8: Prior research 3 Oct 2026 (search-indexed copy, NOT opened live) – shortlist #6 | G8: Annual-sales figures inconsistent; very broad range; no third-party verifier seen.
A9: 7 | B9: Shandong Mars Cabin Technology Co., Ltd. | C9: Mars Cabin | D9: https://marscastle.en.alibaba.com/ | F9: Prior research 3 Oct 2026 (search-indexed copy, NOT opened live) – shortlist #7 | G9: TÜV on-site verification seen in indexed copy; years/business type inconsistent across platforms.
A10: 8 | B10: Guangzhou Moneybox Steel Structure Engineering Co., Ltd. | C10: Moneybox | D10: https://moneyboxcontainer.en.alibaba.com/ | F10: Prior research 3 Oct 2026 (search-indexed copy, NOT opened live) – shortlist #8 | G10: TÜV on-site verification seen in indexed copy; small plant (11–50 staff).
A11: 9 | B11: Foshan The Box Modular House Co., Ltd | C11: The Box | D11: https://thebox.en.alibaba.com/ | F11: Prior research 3 Oct 2026 (search-indexed copy, NOT opened live) – shortlist #9 | G11: Intertek on-site verification seen in indexed copy; 5,500 m²; only 6 reviews.
A12: 10 | B12: Fucheng Huaying Integrated Housing Co., Ltd. | C12: Huaying | D12: https://fchuaying.en.alibaba.com/ | F12: Prior research 3 Oct 2026 (search-indexed copy, NOT opened live) – shortlist #10 | G12: Name variants; paid press releases; 'hurricane-proof' claim needs calculations.
A13: 11 | B13: Hebei Shengyuan Tongda Modular House Co., Ltd. | C13: Shengyuan Tongda | D13: https://shengyuantongda.en.alibaba.com/ | F13: Prior research 3 Oct 2026 (search-indexed copy, NOT opened live) – shortlist #11 | G13: Profile figures differ between snapshots; verifier not seen.
A14: 12 | B14: Heshi (Hebei) Integrated Housing Co., Ltd. | C14: Heshi | D14: https://heshihouse.en.alibaba.com/ | F14: Prior research 3 Oct 2026 (search-indexed copy, NOT opened live) – shortlist #12 | G14: Entity ~2.5 yrs old; office-room registered address; sister store 'Heshi (Hengshui)'.
... A29: 27 | B29: Orient GS International Engineering Co., Ltd. | C29: GS Housing | D29: https://gshousing.en.alibaba.com/ | F29: Prior research 3 Oct 2026 (search-indexed copy, NOT opened live) – alternate | G29: Office-room registered address; link to GS Housing factories unverified.
A30: 28
A31: 29
A32: 30
A33: 31
A34: 32
A35: 33
A36: 34
A37: 35
A38: 36
A39: 37
A40: 38
A41: 39
... A62: 60

Sheet Scoring
A1: Factory score (/100) and A/B/C priority
A2: A-priority minimum score | B2: 80 | C2: Assumption (Claude's suggestion, edit freely): A ≥ 80 and B ≥ 60. You defined A/B/C in words only. Any company that is not FACTORY or lacks full customization is automatically C.
A3: B-priority minimum score | B3: 60
A5: # | B5: Company | C5: Factory authenticity (/25) | D5: Customization / OEM / ODM (/20) | E5: Product quality / evidence (/15) | F5: Alibaba verification (/10) | G5: Reviews / reputation (/10) | H5: Export capability (/10) | I5: U.S. suitability (/5) | J5: Overall KIKFIA suitability (/5) | K5: Total (/100) | L5: Factory or Trading? (from log) | M5: Full customization? (from log) | N5: Gate (PASS / FAIL) | O5: Suggested priority | P5: Your override (A / B / C) | Q5: Final priority | R5: Rank key (helper) | S5: Rank among A/B
A6: 1 | B6: =IF('Inspection Log'!B3="","",'Inspection Log'!B3) -> Beijing Chengdong International Modular Housing Corporation | K6: =IF(COUNT(C6:J6)=0,"",SUM(C6:J6)) | L6: =IF('Inspection Log'!L3="","",'Inspection Log'!L3) | M6: =IF('Inspection Log'!AO3="","",'Inspection Log'!AO3) | N6: =IF(K6="","",IF(AND(L6="FACTORY",M6="YES"),"PASS","FAIL")) | O6: =IF(K6="","",IF(N6="FAIL","C",IF(K6>=$B$2,"A",IF(K6>=$B$3,"B","C")))) | Q6: =IF(P6<>"",P6,O6) | R6: =IF(OR(K6="",Q6="",Q6="C"),"",K6+(1000-A6)/100000) | S6: =IF(R6="","",RANK(R6,$R$6:$R$65))
A7: 2 | B7: =IF('Inspection Log'!B4="","",'Inspection Log'!B4) -> Ningbo Deepblue Smarthouse Co., Ltd. | K7: =IF(COUNT(C7:J7)=0,"",SUM(C7:J7)) | L7: =IF('Inspection Log'!L4="","",'Inspection Log'!L4) | M7: =IF('Inspection Log'!AO4="","",'Inspection Log'!AO4) | N7: =IF(K7="","",IF(AND(L7="FACTORY",M7="YES"),"PASS","FAIL")) | O7: =IF(K7="","",IF(N7="FAIL","C",IF(K7>=$B$2,"A",IF(K7>=$B$3,"B","C")))) | Q7: =IF(P7<>"",P7,O7) | R7: =IF(OR(K7="",Q7="",Q7="C"),"",K7+(1000-A7)/100000) | S7: =IF(R7="","",RANK(R7,$R$6:$R$65))
A8: 3 | B8: =IF('Inspection Log'!B5="","",'Inspection Log'!B5) -> Hebei Weizhengheng Modular House Technology Co., Ltd. | K8: =IF(COUNT(C8:J8)=0,"",SUM(C8:J8)) | L8: =IF('Inspection Log'!L5="","",'Inspection Log'!L5) | M8: =IF('Inspection Log'!AO5="","",'Inspection Log'!AO5) | N8: =IF(K8="","",IF(AND(L8="FACTORY",M8="YES"),"PASS","FAIL")) | O8: =IF(K8="","",IF(N8="FAIL","C",IF(K8>=$B$2,"A",IF(K8>=$B$3,"B","C")))) | Q8: =IF(P8<>"",P8,O8) | R8: =IF(OR(K8="",Q8="",Q8="C"),"",K8+(1000-A8)/100000) | S8: =IF(R8="","",RANK(R8,$R$6:$R$65))
A9: 4 | B9: =IF('Inspection Log'!B6="","",'Inspection Log'!B6) -> Zhejiang Putian Integrated Housing Co., Ltd. | K9: =IF(COUNT(C9:J9)=0,"",SUM(C9:J9)) | L9: =IF('Inspection Log'!L6="","",'Inspection Log'!L6) | M9: =IF('Inspection Log'!AO6="","",'Inspection Log'!AO6) | N9: =IF(K9="","",IF(AND(L9="FACTORY",M9="YES"),"PASS","FAIL")) | O9: =IF(K9="","",IF(N9="FAIL","C",IF(K9>=$B$2,"A",IF(K9>=$B$3,"B","C")))) | Q9: =IF(P9<>"",P9,O9) | R9: =IF(OR(K9="",Q9="",Q9="C"),"",K9+(1000-A9)/100000) | S9: =IF(R9="","",RANK(R9,$R$6:$R$65))
A10: 5 | B10: =IF('Inspection Log'!B7="","",'Inspection Log'!B7) -> Zhuhai Remac Space Co., Ltd. | K10: =IF(COUNT(C10:J10)=0,"",SUM(C10:J10)) | L10: =IF('Inspection Log'!L7="","",'Inspection Log'!L7) | M10: =IF('Inspection Log'!AO7="","",'Inspection Log'!AO7) | N10: =IF(K10="","",IF(AND(L10="FACTORY",M10="YES"),"PASS","FAIL")) | O10: =IF(K10="","",IF(N10="FAIL","C",IF(K10>=$B$2,"A",IF(K10>=$B$3,"B","C")))) | Q10: =IF(P10<>"",P10,O10) | R10: =IF(OR(K10="",Q10="",Q10="C"),"",K10+(1000-A10)/100000) | S10: =IF(R10="","",RANK(R10,$R$6:$R$65))
A11: 6 | B11: =IF('Inspection Log'!B8="","",'Inspection Log'!B8) -> Guangdong Zhonghuilvjian Moving House Technology Co., Ltd. | K11: =IF(COUNT(C11:J11)=0,"",SUM(C11:J11)) | L11: =IF('Inspection Log'!L8="","",'Inspection Log'!L8) | M11: =IF('Inspection Log'!AO8="","",'Inspection Log'!AO8) | N11: =IF(K11="","",IF(AND(L11="FACTORY",M11="YES"),"PASS","FAIL")) | O11: =IF(K11="","",IF(N11="FAIL","C",IF(K11>=$B$2,"A",IF(K11>=$B$3,"B","C")))) | Q11: =IF(P11<>"",P11,O11) | R11: =IF(OR(K11="",Q11="",Q11="C"),"",K11+(1000-A11)/100000) | S11: =IF(R11="","",RANK(R11,$R$6:$R$65))
A12: 7 | B12: =IF('Inspection Log'!B9="","",'Inspection Log'!B9) -> Shandong Mars Cabin Technology Co., Ltd. | K12: =IF(COUNT(C12:J12)=0,"",SUM(C12:J12)) | L12: =IF('Inspection Log'!L9="","",'Inspection Log'!L9) | M12: =IF('Inspection Log'!AO9="","",'Inspection Log'!AO9) | N12: =IF(K12="","",IF(AND(L12="FACTORY",M12="YES"),"PASS","FAIL")) | O12: =IF(K12="","",IF(N12="FAIL","C",IF(K12>=$B$2,"A",IF(K12>=$B$3,"B","C")))) | Q12: =IF(P12<>"",P12,O12) | R12: =IF(OR(K12="",Q12="",Q12="C"),"",K12+(1000-A12)/100000) | S12: =IF(R12="","",RANK(R12,$R$6:$R$65))
A13: 8 | B13: =IF('Inspection Log'!B10="","",'Inspection Log'!B10) -> Guangzhou Moneybox Steel Structure Engineering Co., Ltd. | K13: =IF(COUNT(C13:J13)=0,"",SUM(C13:J13)) | L13: =IF('Inspection Log'!L10="","",'Inspection Log'!L10) | M13: =IF('Inspection Log'!AO10="","",'Inspection Log'!AO10) | N13: =IF(K13="","",IF(AND(L13="FACTORY",M13="YES"),"PASS","FAIL")) | O13: =IF(K13="","",IF(N13="FAIL","C",IF(K13>=$B$2,"A",IF(K13>=$B$3,"B","C")))) | Q13: =IF(P13<>"",P13,O13) | R13: =IF(OR(K13="",Q13="",Q13="C"),"",K13+(1000-A13)/100000) | S13: =IF(R13="","",RANK(R13,$R$6:$R$65))
A14: 9 | B14: =IF('Inspection Log'!B11="","",'Inspection Log'!B11) -> Foshan The Box Modular House Co., Ltd | K14: =IF(COUNT(C14:J14)=0,"",SUM(C14:J14)) | L14: =IF('Inspection Log'!L11="","",'Inspection Log'!L11) | M14: =IF('Inspection Log'!AO11="","",'Inspection Log'!AO11) | N14: =IF(K14="","",IF(AND(L14="FACTORY",M14="YES"),"PASS","FAIL")) | O14: =IF(K14="","",IF(N14="FAIL","C",IF(K14>=$B$2,"A",IF(K14>=$B$3,"B","C")))) | Q14: =IF(P14<>"",P14,O14) | R14: =IF(OR(K14="",Q14="",Q14="C"),"",K14+(1000-A14)/100000) | S14: =IF(R14="","",RANK(R14,$R$6:$R$65))
A15: 10 | B15: =IF('Inspection Log'!B12="","",'Inspection Log'!B12) -> Fucheng Huaying Integrated Housing Co., Ltd. | K15: =IF(COUNT(C15:J15)=0,"",SUM(C15:J15)) | L15: =IF('Inspection Log'!L12="","",'Inspection Log'!L12) | M15: =IF('Inspection Log'!AO12="","",'Inspection Log'!AO12) | N15: =IF(K15="","",IF(AND(L15="FACTORY",M15="YES"),"PASS","FAIL")) | O15: =IF(K15="","",IF(N15="FAIL","C",IF(K15>=$B$2,"A",IF(K15>=$B$3,"B","C")))) | Q15: =IF(P15<>"",P15,O15) | R15: =IF(OR(K15="",Q15="",Q15="C"),"",K15+(1000-A15)/100000) | S15: =IF(R15="","",RANK(R15,$R$6:$R$65))
A16: 11 | B16: =IF('Inspection Log'!B13="","",'Inspection Log'!B13) -> Hebei Shengyuan Tongda Modular House Co., Ltd. | K16: =IF(COUNT(C16:J16)=0,"",SUM(C16:J16)) | L16: =IF('Inspection Log'!L13="","",'Inspection Log'!L13) | M16: =IF('Inspection Log'!AO13="","",'Inspection Log'!AO13) | N16: =IF(K16="","",IF(AND(L16="FACTORY",M16="YES"),"PASS","FAIL")) | O16: =IF(K16="","",IF(N16="FAIL","C",IF(K16>=$B$2,"A",IF(K16>=$B$3,"B","C")))) | Q16: =IF(P16<>"",P16,O16) | R16: =IF(OR(K16="",Q16="",Q16="C"),"",K16+(1000-A16)/100000) | S16: =IF(R16="","",RANK(R16,$R$6:$R$65))
A17: 12 | B17: =IF('Inspection Log'!B14="","",'Inspection Log'!B14) -> Heshi (Hebei) Integrated Housing Co., Ltd. | K17: =IF(COUNT(C17:J17)=0,"",SUM(C17:J17)) | L17: =IF('Inspection Log'!L14="","",'Inspection Log'!L14) | M17: =IF('Inspection Log'!AO14="","",'Inspection Log'!AO14) | N17: =IF(K17="","",IF(AND(L17="FACTORY",M17="YES"),"PASS","FAIL")) | O17: =IF(K17="","",IF(N17="FAIL","C",IF(K17>=$B$2,"A",IF(K17>=$B$3,"B","C")))) | Q17: =IF(P17<>"",P17,O17) | R17: =IF(OR(K17="",Q17="",Q17="C"),"",K17+(1000-A17)/100000) | S17: =IF(R17="","",RANK(R17,$R$6:$R$65))
... A65: 60 | B65: =IF('Inspection Log'!B62="","",'Inspection Log'!B62) | K65: =IF(COUNT(C65:J65)=0,"",SUM(C65:J65)) | L65: =IF('Inspection Log'!L62="","",'Inspection Log'!L62) | M65: =IF('Inspection Log'!AO62="","",'Inspection Log'!AO62) | N65: =IF(K65="","",IF(AND(L65="FACTORY",M65="YES"),"PASS","FAIL")) | O65: =IF(K65="","",IF(N65="FAIL","C",IF(K65>=$B$2,"A",IF(K65>=$B$3,"B","C")))) | Q65: =IF(P65<>"",P65,O65) | R65: =IF(OR(K65="",Q65="",Q65="C"),"",K65+(1000-A65)/100000) | S65: =IF(R65="","",RANK(R65,$R$6:$R$65))

Sheet Master Table
A1: # | B1: Company | C1: Factory Type | D1: Full Customization | E1: Verified Supplier | F1: On-Site/Third-Party Verification | G1: Rating | H1: Bad Reviews Found? | I1: Factory Evidence | J1: U.S. Experience | K1: Score/100 | L1: Priority | M1: Alibaba Store | N1: Product Link | O1: Website
A2: 1 | B2: =IF('Inspection Log'!B3="","",'Inspection Log'!B3) -> Beijing Chengdong International Modular Housing Corporation | C2: =IF('Inspection Log'!L3="","",'Inspection Log'!L3) | D2: =IF('Inspection Log'!AO3="","",'Inspection Log'!AO3) | E2: =IF('Inspection Log'!V3="","",'Inspection Log'!V3) | F2: =IF(AND('Inspection Log'!X3="",'Inspection Log'!Y3=""),"","On-site: "&IF('Inspection Log'!X3="","NOT SHOWN",'Inspection Log'!X3)&" / 3rd-party: "&IF('Inspection Log'!Y3="","NOT SHOWN",'Inspection Log'!Y3)) | G2: =IF('Inspection Log'!AF3="","",'Inspection Log'!AF3) | H2: =IF('Inspection Log'!AM3="","",'Inspection Log'!AM3) | I2: =IF('Inspection Log'!N3="","",'Inspection Log'!N3) | J2: =IF('Inspection Log'!AT3="","",'Inspection Log'!AT3) | K2: =Scoring!K6 | L2: =Scoring!Q6 | M2: =IF('Inspection Log'!D3="","",HYPERLINK('Inspection Log'!D3,'Inspection Log'!D3)) -> https://cdph.en.alibaba.com/ | N2: =IF('Inspection Log'!AW3="","",HYPERLINK('Inspection Log'!AW3,'Inspection Log'!AW3)) | O2: =IF('Inspection Log'!AY3="","",HYPERLINK('Inspection Log'!AY3,'Inspection Log'!AY3))
A3: 2 | B3: =IF('Inspection Log'!B4="","",'Inspection Log'!B4) -> Ningbo Deepblue Smarthouse Co., Ltd. | C3: =IF('Inspection Log'!L4="","",'Inspection Log'!L4) | D3: =IF('Inspection Log'!AO4="","",'Inspection Log'!AO4) | E3: =IF('Inspection Log'!V4="","",'Inspection Log'!V4) | F3: =IF(AND('Inspection Log'!X4="",'Inspection Log'!Y4=""),"","On-site: "&IF('Inspection Log'!X4="","NOT SHOWN",'Inspection Log'!X4)&" / 3rd-party: "&IF('Inspection Log'!Y4="","NOT SHOWN",'Inspection Log'!Y4)) | G3: =IF('Inspection Log'!AF4="","",'Inspection Log'!AF4) | H3: =IF('Inspection Log'!AM4="","",'Inspection Log'!AM4) | I3: =IF('Inspection Log'!N4="","",'Inspection Log'!N4) | J3: =IF('Inspection Log'!AT4="","",'Inspection Log'!AT4) | K3: =Scoring!K7 | L3: =Scoring!Q7 | M3: =IF('Inspection Log'!D4="","",HYPERLINK('Inspection Log'!D4,'Inspection Log'!D4)) -> https://deepblue.en.alibaba.com/ | N3: =IF('Inspection Log'!AW4="","",HYPERLINK('Inspection Log'!AW4,'Inspection Log'!AW4)) | O3: =IF('Inspection Log'!AY4="","",HYPERLINK('Inspection Log'!AY4,'Inspection Log'!AY4))
A4: 3 | B4: =IF('Inspection Log'!B5="","",'Inspection Log'!B5) -> Hebei Weizhengheng Modular House Technology Co., Ltd. | C4: =IF('Inspection Log'!L5="","",'Inspection Log'!L5) | D4: =IF('Inspection Log'!AO5="","",'Inspection Log'!AO5) | E4: =IF('Inspection Log'!V5="","",'Inspection Log'!V5) | F4: =IF(AND('Inspection Log'!X5="",'Inspection Log'!Y5=""),"","On-site: "&IF('Inspection Log'!X5="","NOT SHOWN",'Inspection Log'!X5)&" / 3rd-party: "&IF('Inspection Log'!Y5="","NOT SHOWN",'Inspection Log'!Y5)) | G4: =IF('Inspection Log'!AF5="","",'Inspection Log'!AF5) | H4: =IF('Inspection Log'!AM5="","",'Inspection Log'!AM5) | I4: =IF('Inspection Log'!N5="","",'Inspection Log'!N5) | J4: =IF('Inspection Log'!AT5="","",'Inspection Log'!AT5) | K4: =Scoring!K8 | L4: =Scoring!Q8 | M4: =IF('Inspection Log'!D5="","",HYPERLINK('Inspection Log'!D5,'Inspection Log'!D5)) -> https://wzhhouse.en.alibaba.com/ | N4: =IF('Inspection Log'!AW5="","",HYPERLINK('Inspection Log'!AW5,'Inspection Log'!AW5)) | O4: =IF('Inspection Log'!AY5="","",HYPERLINK('Inspection Log'!AY5,'Inspection Log'!AY5))
A5: 4 | B5: =IF('Inspection Log'!B6="","",'Inspection Log'!B6) -> Zhejiang Putian Integrated Housing Co., Ltd. | C5: =IF('Inspection Log'!L6="","",'Inspection Log'!L6) | D5: =IF('Inspection Log'!AO6="","",'Inspection Log'!AO6) | E5: =IF('Inspection Log'!V6="","",'Inspection Log'!V6) | F5: =IF(AND('Inspection Log'!X6="",'Inspection Log'!Y6=""),"","On-site: "&IF('Inspection Log'!X6="","NOT SHOWN",'Inspection Log'!X6)&" / 3rd-party: "&IF('Inspection Log'!Y6="","NOT SHOWN",'Inspection Log'!Y6)) | G5: =IF('Inspection Log'!AF6="","",'Inspection Log'!AF6) | H5: =IF('Inspection Log'!AM6="","",'Inspection Log'!AM6) | I5: =IF('Inspection Log'!N6="","",'Inspection Log'!N6) | J5: =IF('Inspection Log'!AT6="","",'Inspection Log'!AT6) | K5: =Scoring!K9 | L5: =Scoring!Q9 | M5: =IF('Inspection Log'!D6="","",HYPERLINK('Inspection Log'!D6,'Inspection Log'!D6)) -> https://putiangroup.en.alibaba.com/ | N5: =IF('Inspection Log'!AW6="","",HYPERLINK('Inspection Log'!AW6,'Inspection Log'!AW6)) | O5: =IF('Inspection Log'!AY6="","",HYPERLINK('Inspection Log'!AY6,'Inspection Log'!AY6))
A6: 5 | B6: =IF('Inspection Log'!B7="","",'Inspection Log'!B7) -> Zhuhai Remac Space Co., Ltd. | C6: =IF('Inspection Log'!L7="","",'Inspection Log'!L7) | D6: =IF('Inspection Log'!AO7="","",'Inspection Log'!AO7) | E6: =IF('Inspection Log'!V7="","",'Inspection Log'!V7) | F6: =IF(AND('Inspection Log'!X7="",'Inspection Log'!Y7=""),"","On-site: "&IF('Inspection Log'!X7="","NOT SHOWN",'Inspection Log'!X7)&" / 3rd-party: "&IF('Inspection Log'!Y7="","NOT SHOWN",'Inspection Log'!Y7)) | G6: =IF('Inspection Log'!AF7="","",'Inspection Log'!AF7) | H6: =IF('Inspection Log'!AM7="","",'Inspection Log'!AM7) | I6: =IF('Inspection Log'!N7="","",'Inspection Log'!N7) | J6: =IF('Inspection Log'!AT7="","",'Inspection Log'!AT7) | K6: =Scoring!K10 | L6: =Scoring!Q10 | M6: =IF('Inspection Log'!D7="","",HYPERLINK('Inspection Log'!D7,'Inspection Log'!D7)) -> https://remacspace.en.alibaba.com/ | N6: =IF('Inspection Log'!AW7="","",HYPERLINK('Inspection Log'!AW7,'Inspection Log'!AW7)) | O6: =IF('Inspection Log'!AY7="","",HYPERLINK('Inspection Log'!AY7,'Inspection Log'!AY7))
A7: 6 | B7: =IF('Inspection Log'!B8="","",'Inspection Log'!B8) -> Guangdong Zhonghuilvjian Moving House Technology Co., Ltd. | C7: =IF('Inspection Log'!L8="","",'Inspection Log'!L8) | D7: =IF('Inspection Log'!AO8="","",'Inspection Log'!AO8) | E7: =IF('Inspection Log'!V8="","",'Inspection Log'!V8) | F7: =IF(AND('Inspection Log'!X8="",'Inspection Log'!Y8=""),"","On-site: "&IF('Inspection Log'!X8="","NOT SHOWN",'Inspection Log'!X8)&" / 3rd-party: "&IF('Inspection Log'!Y8="","NOT SHOWN",'Inspection Log'!Y8)) | G7: =IF('Inspection Log'!AF8="","",'Inspection Log'!AF8) | H7: =IF('Inspection Log'!AM8="","",'Inspection Log'!AM8) | I7: =IF('Inspection Log'!N8="","",'Inspection Log'!N8) | J7: =IF('Inspection Log'!AT8="","",'Inspection Log'!AT8) | K7: =Scoring!K11 | L7: =Scoring!Q11 | M7: =IF('Inspection Log'!D8="","",HYPERLINK('Inspection Log'!D8,'Inspection Log'!D8)) -> https://cgcontainer.en.alibaba.com/ | N7: =IF('Inspection Log'!AW8="","",HYPERLINK('Inspection Log'!AW8,'Inspection Log'!AW8)) | O7: =IF('Inspection Log'!AY8="","",HYPERLINK('Inspection Log'!AY8,'Inspection Log'!AY8))
A8: 7 | B8: =IF('Inspection Log'!B9="","",'Inspection Log'!B9) -> Shandong Mars Cabin Technology Co., Ltd. | C8: =IF('Inspection Log'!L9="","",'Inspection Log'!L9) | D8: =IF('Inspection Log'!AO9="","",'Inspection Log'!AO9) | E8: =IF('Inspection Log'!V9="","",'Inspection Log'!V9) | F8: =IF(AND('Inspection Log'!X9="",'Inspection Log'!Y9=""),"","On-site: "&IF('Inspection Log'!X9="","NOT SHOWN",'Inspection Log'!X9)&" / 3rd-party: "&IF('Inspection Log'!Y9="","NOT SHOWN",'Inspection Log'!Y9)) | G8: =IF('Inspection Log'!AF9="","",'Inspection Log'!AF9) | H8: =IF('Inspection Log'!AM9="","",'Inspection Log'!AM9) | I8: =IF('Inspection Log'!N9="","",'Inspection Log'!N9) | J8: =IF('Inspection Log'!AT9="","",'Inspection Log'!AT9) | K8: =Scoring!K12 | L8: =Scoring!Q12 | M8: =IF('Inspection Log'!D9="","",HYPERLINK('Inspection Log'!D9,'Inspection Log'!D9)) -> https://marscastle.en.alibaba.com/ | N8: =IF('Inspection Log'!AW9="","",HYPERLINK('Inspection Log'!AW9,'Inspection Log'!AW9)) | O8: =IF('Inspection Log'!AY9="","",HYPERLINK('Inspection Log'!AY9,'Inspection Log'!AY9))
A9: 8 | B9: =IF('Inspection Log'!B10="","",'Inspection Log'!B10) -> Guangzhou Moneybox Steel Structure Engineering Co., Ltd. | C9: =IF('Inspection Log'!L10="","",'Inspection Log'!L10) | D9: =IF('Inspection Log'!AO10="","",'Inspection Log'!AO10) | E9: =IF('Inspection Log'!V10="","",'Inspection Log'!V10) | F9: =IF(AND('Inspection Log'!X10="",'Inspection Log'!Y10=""),"","On-site: "&IF('Inspection Log'!X10="","NOT SHOWN",'Inspection Log'!X10)&" / 3rd-party: "&IF('Inspection Log'!Y10="","NOT SHOWN",'Inspection Log'!Y10)) | G9: =IF('Inspection Log'!AF10="","",'Inspection Log'!AF10) | H9: =IF('Inspection Log'!AM10="","",'Inspection Log'!AM10) | I9: =IF('Inspection Log'!N10="","",'Inspection Log'!N10) | J9: =IF('Inspection Log'!AT10="","",'Inspection Log'!AT10) | K9: =Scoring!K13 | L9: =Scoring!Q13 | M9: =IF('Inspection Log'!D10="","",HYPERLINK('Inspection Log'!D10,'Inspection Log'!D10)) -> https://moneyboxcontainer.en.alibaba.com/ | N9: =IF('Inspection Log'!AW10="","",HYPERLINK('Inspection Log'!AW10,'Inspection Log'!AW10)) | O9: =IF('Inspection Log'!AY10="","",HYPERLINK('Inspection Log'!AY10,'Inspection Log'!AY10))
A10: 9 | B10: =IF('Inspection Log'!B11="","",'Inspection Log'!B11) -> Foshan The Box Modular House Co., Ltd | C10: =IF('Inspection Log'!L11="","",'Inspection Log'!L11) | D10: =IF('Inspection Log'!AO11="","",'Inspection Log'!AO11) | E10: =IF('Inspection Log'!V11="","",'Inspection Log'!V11) | F10: =IF(AND('Inspection Log'!X11="",'Inspection Log'!Y11=""),"","On-site: "&IF('Inspection Log'!X11="","NOT SHOWN",'Inspection Log'!X11)&" / 3rd-party: "&IF('Inspection Log'!Y11="","NOT SHOWN",'Inspection Log'!Y11)) | G10: =IF('Inspection Log'!AF11="","",'Inspection Log'!AF11) | H10: =IF('Inspection Log'!AM11="","",'Inspection Log'!AM11) | I10: =IF('Inspection Log'!N11="","",'Inspection Log'!N11) | J10: =IF('Inspection Log'!AT11="","",'Inspection Log'!AT11) | K10: =Scoring!K14 | L10: =Scoring!Q14 | M10: =IF('Inspection Log'!D11="","",HYPERLINK('Inspection Log'!D11,'Inspection Log'!D11)) -> https://thebox.en.alibaba.com/ | N10: =IF('Inspection Log'!AW11="","",HYPERLINK('Inspection Log'!AW11,'Inspection Log'!AW11)) | O10: =IF('Inspection Log'!AY11="","",HYPERLINK('Inspection Log'!AY11,'Inspection Log'!AY11))
A11: 10 | B11: =IF('Inspection Log'!B12="","",'Inspection Log'!B12) -> Fucheng Huaying Integrated Housing Co., Ltd. | C11: =IF('Inspection Log'!L12="","",'Inspection Log'!L12) | D11: =IF('Inspection Log'!AO12="","",'Inspection Log'!AO12) | E11: =IF('Inspection Log'!V12="","",'Inspection Log'!V12) | F11: =IF(AND('Inspection Log'!X12="",'Inspection Log'!Y12=""),"","On-site: "&IF('Inspection Log'!X12="","NOT SHOWN",'Inspection Log'!X12)&" / 3rd-party: "&IF('Inspection Log'!Y12="","NOT SHOWN",'Inspection Log'!Y12)) | G11: =IF('Inspection Log'!AF12="","",'Inspection Log'!AF12) | H11: =IF('Inspection Log'!AM12="","",'Inspection Log'!AM12) | I11: =IF('Inspection Log'!N12="","",'Inspection Log'!N12) | J11: =IF('Inspection Log'!AT12="","",'Inspection Log'!AT12) | K11: =Scoring!K15 | L11: =Scoring!Q15 | M11: =IF('Inspection Log'!D12="","",HYPERLINK('Inspection Log'!D12,'Inspection Log'!D12)) -> https://fchuaying.en.alibaba.com/ | N11: =IF('Inspection Log'!AW12="","",HYPERLINK('Inspection Log'!AW12,'Inspection Log'!AW12)) | O11: =IF('Inspection Log'!AY12="","",HYPERLINK('Inspection Log'!AY12,'Inspection Log'!AY12))
A12: 11 | B12: =IF('Inspection Log'!B13="","",'Inspection Log'!B13) -> Hebei Shengyuan Tongda Modular House Co., Ltd. | C12: =IF('Inspection Log'!L13="","",'Inspection Log'!L13) | D12: =IF('Inspection Log'!AO13="","",'Inspection Log'!AO13) | E12: =IF('Inspection Log'!V13="","",'Inspection Log'!V13) | F12: =IF(AND('Inspection Log'!X13="",'Inspection Log'!Y13=""),"","On-site: "&IF('Inspection Log'!X13="","NOT SHOWN",'Inspection Log'!X13)&" / 3rd-party: "&IF('Inspection Log'!Y13="","NOT SHOWN",'Inspection Log'!Y13)) | G12: =IF('Inspection Log'!AF13="","",'Inspection Log'!AF13) | H12: =IF('Inspection Log'!AM13="","",'Inspection Log'!AM13) | I12: =IF('Inspection Log'!N13="","",'Inspection Log'!N13) | J12: =IF('Inspection Log'!AT13="","",'Inspection Log'!AT13) | K12: =Scoring!K16 | L12: =Scoring!Q16 | M12: =IF('Inspection Log'!D13="","",HYPERLINK('Inspection Log'!D13,'Inspection Log'!D13)) -> https://shengyuantongda.en.alibaba.com/ | N12: =IF('Inspection Log'!AW13="","",HYPERLINK('Inspection Log'!AW13,'Inspection Log'!AW13)) | O12: =IF('Inspection Log'!AY13="","",HYPERLINK('Inspection Log'!AY13,'Inspection Log'!AY13))
A13: 12 | B13: =IF('Inspection Log'!B14="","",'Inspection Log'!B14) -> Heshi (Hebei) Integrated Housing Co., Ltd. | C13: =IF('Inspection Log'!L14="","",'Inspection Log'!L14) | D13: =IF('Inspection Log'!AO14="","",'Inspection Log'!AO14) | E13: =IF('Inspection Log'!V14="","",'Inspection Log'!V14) | F13: =IF(AND('Inspection Log'!X14="",'Inspection Log'!Y14=""),"","On-site: "&IF('Inspection Log'!X14="","NOT SHOWN",'Inspection Log'!X14)&" / 3rd-party: "&IF('Inspection Log'!Y14="","NOT SHOWN",'Inspection Log'!Y14)) | G13: =IF('Inspection Log'!AF14="","",'Inspection Log'!AF14) | H13: =IF('Inspection Log'!AM14="","",'Inspection Log'!AM14) | I13: =IF('Inspection Log'!N14="","",'Inspection Log'!N14) | J13: =IF('Inspection Log'!AT14="","",'Inspection Log'!AT14) | K13: =Scoring!K17 | L13: =Scoring!Q17 | M13: =IF('Inspection Log'!D14="","",HYPERLINK('Inspection Log'!D14,'Inspection Log'!D14)) -> https://heshihouse.en.alibaba.com/ | N13: =IF('Inspection Log'!AW14="","",HYPERLINK('Inspection Log'!AW14,'Inspection Log'!AW14)) | O13: =IF('Inspection Log'!AY14="","",HYPERLINK('Inspection Log'!AY14,'Inspection Log'!AY14))
... A61: 60 | B61: =IF('Inspection Log'!B62="","",'Inspection Log'!B62) | C61: =IF('Inspection Log'!L62="","",'Inspection Log'!L62) | D61: =IF('Inspection Log'!AO62="","",'Inspection Log'!AO62) | E61: =IF('Inspection Log'!V62="","",'Inspection Log'!V62) | F61: =IF(AND('Inspection Log'!X62="",'Inspection Log'!Y62=""),"","On-site: "&IF('Inspection Log'!X62="","NOT SHOWN",'Inspection Log'!X62)&" / 3rd-party: "&IF('Inspection Log'!Y62="","NOT SHOWN",'Inspection Log'!Y62)) | G61: =IF('Inspection Log'!AF62="","",'Inspection Log'!AF62) | H61: =IF('Inspection Log'!AM62="","",'Inspection Log'!AM62) | I61: =IF('Inspection Log'!N62="","",'Inspection Log'!N62) | J61: =IF('Inspection Log'!AT62="","",'Inspection Log'!AT62) | K61: =Scoring!K65 | L61: =Scoring!Q65 | M61: =IF('Inspection Log'!D62="","",HYPERLINK('Inspection Log'!D62,'Inspection Log'!D62)) | N61: =IF('Inspection Log'!AW62="","",HYPERLINK('Inspection Log'!AW62,'Inspection Log'!AW62)) | O61: =IF('Inspection Log'!AY62="","",HYPERLINK('Inspection Log'!AY62,'Inspection Log'!AY62))

Sheet Top 10
A1: Rank | B1: Company | C1: Score | D1: Priority | E1: Factory authenticity | F1: Customization | G1: Alibaba verification | H1: Reviews | I1: Negative-review concerns | J1: Export / U.S. experience | K1: Why it is a strong KIKFIA candidate | L1: Alibaba store link | M1: Row (helper)
A2: 1 | B2: =IF($M2="","",INDEX('Inspection Log'!$B$3:$B$62,$M2)) | C2: =IF($M2="","",INDEX(Scoring!$K$6:$K$65,$M2)) | D2: =IF($M2="","",INDEX(Scoring!$Q$6:$Q$65,$M2)) | E2: =IF($M2="","",INDEX(Scoring!$C$6:$C$65,$M2)&"/25 – evidence: "&IF(INDEX('Inspection Log'!$N$3:$N$62,$M2)="","NOT CLEAR",INDEX('Inspection Log'!$N$3:$N$62,$M2))&". "&INDEX('Inspection Log'!$M$3:$M$62,$M2)) | F2: =IF($M2="","",INDEX(Scoring!$D$6:$D$65,$M2)&"/20 – full customization: "&IF(INDEX('Inspection Log'!$AO$3:$AO$62,$M2)="","NOT CLEAR",INDEX('Inspection Log'!$AO$3:$AO$62,$M2))&". "&INDEX('Inspection Log'!$AN$3:$AN$62,$M2)) | G2: =IF($M2="","","Verified: "&IF(INDEX('Inspection Log'!$V$3:$V$62,$M2)="","NOT CLEAR",INDEX('Inspection Log'!$V$3:$V$62,$M2))&" / On-site: "&IF(INDEX('Inspection Log'!$X$3:$X$62,$M2)="","NOT SHOWN",INDEX('Inspection Log'!$X$3:$X$62,$M2))&" / 3rd-party: "&IF(INDEX('Inspection Log'!$Y$3:$Y$62,$M2)="","NOT SHOWN",INDEX('Inspection Log'!$Y$3:$Y$62,$M2))&" / Verifier: "&IF(INDEX('Inspection Log'!$W$3:$W$62,$M2)="","NOT SHOWN",INDEX('Inspection Log'!$W$3:$W$62,$M2))) | H2: =IF($M2="","",IF(INDEX('Inspection Log'!$AF$3:$AF$62,$M2)="","NOT SHOWN",INDEX('Inspection Log'!$AF$3:$AF$62,$M2))&"/5 from "&IF(INDEX('Inspection Log'!$AG$3:$AG$62,$M2)="","NOT SHOWN",INDEX('Inspection Log'!$AG$3:$AG$62,$M2))&" reviews. "&INDEX('Inspection Log'!$AI$3:$AI$62,$M2)) | I2: =IF($M2="","","Bad reviews: "&IF(INDEX('Inspection Log'!$AM$3:$AM$62,$M2)="","NOT CLEAR",INDEX('Inspection Log'!$AM$3:$AM$62,$M2))&"; repeated: "&IF(INDEX('Inspection Log'!$AL$3:$AL$62,$M2)="","NOT CLEAR",INDEX('Inspection Log'!$AL$3:$AL$62,$M2))&". "&INDEX('Inspection Log'!$AJ$3:$AJ$62,$M2)&" "&INDEX('Inspection Log'!$AK$3:$AK$62,$M2)) | J2: =IF($M2="","","Export: "&IF(INDEX('Inspection Log'!$AS$3:$AS$62,$M2)="","NOT CLEAR",INDEX('Inspection Log'!$AS$3:$AS$62,$M2))&" / U.S.: "&IF(INDEX('Inspection Log'!$AT$3:$AT$62,$M2)="","NOT CLEAR",INDEX('Inspection Log'!$AT$3:$AT$62,$M2))&". "&INDEX('Inspection Log'!$AU$3:$AU$62,$M2)) | K2: =IF($M2="","",INDEX('Inspection Log'!$BB$3:$BB$62,$M2)) | L2: =IF($M2="","",HYPERLINK(INDEX('Inspection Log'!$D$3:$D$62,$M2),INDEX('Inspection Log'!$D$3:$D$62,$M2))) | M2: =IFERROR(MATCH(A2,Scoring!$S$6:$S$65,0),"")
A3: 2 | B3: =IF($M3="","",INDEX('Inspection Log'!$B$3:$B$62,$M3)) | C3: =IF($M3="","",INDEX(Scoring!$K$6:$K$65,$M3)) | D3: =IF($M3="","",INDEX(Scoring!$Q$6:$Q$65,$M3)) | E3: =IF($M3="","",INDEX(Scoring!$C$6:$C$65,$M3)&"/25 – evidence: "&IF(INDEX('Inspection Log'!$N$3:$N$62,$M3)="","NOT CLEAR",INDEX('Inspection Log'!$N$3:$N$62,$M3))&". "&INDEX('Inspection Log'!$M$3:$M$62,$M3)) | F3: =IF($M3="","",INDEX(Scoring!$D$6:$D$65,$M3)&"/20 – full customization: "&IF(INDEX('Inspection Log'!$AO$3:$AO$62,$M3)="","NOT CLEAR",INDEX('Inspection Log'!$AO$3:$AO$62,$M3))&". "&INDEX('Inspection Log'!$AN$3:$AN$62,$M3)) | G3: =IF($M3="","","Verified: "&IF(INDEX('Inspection Log'!$V$3:$V$62,$M3)="","NOT CLEAR",INDEX('Inspection Log'!$V$3:$V$62,$M3))&" / On-site: "&IF(INDEX('Inspection Log'!$X$3:$X$62,$M3)="","NOT SHOWN",INDEX('Inspection Log'!$X$3:$X$62,$M3))&" / 3rd-party: "&IF(INDEX('Inspection Log'!$Y$3:$Y$62,$M3)="","NOT SHOWN",INDEX('Inspection Log'!$Y$3:$Y$62,$M3))&" / Verifier: "&IF(INDEX('Inspection Log'!$W$3:$W$62,$M3)="","NOT SHOWN",INDEX('Inspection Log'!$W$3:$W$62,$M3))) | H3: =IF($M3="","",IF(INDEX('Inspection Log'!$AF$3:$AF$62,$M3)="","NOT SHOWN",INDEX('Inspection Log'!$AF$3:$AF$62,$M3))&"/5 from "&IF(INDEX('Inspection Log'!$AG$3:$AG$62,$M3)="","NOT SHOWN",INDEX('Inspection Log'!$AG$3:$AG$62,$M3))&" reviews. "&INDEX('Inspection Log'!$AI$3:$AI$62,$M3)) | I3: =IF($M3="","","Bad reviews: "&IF(INDEX('Inspection Log'!$AM$3:$AM$62,$M3)="","NOT CLEAR",INDEX('Inspection Log'!$AM$3:$AM$62,$M3))&"; repeated: "&IF(INDEX('Inspection Log'!$AL$3:$AL$62,$M3)="","NOT CLEAR",INDEX('Inspection Log'!$AL$3:$AL$62,$M3))&". "&INDEX('Inspection Log'!$AJ$3:$AJ$62,$M3)&" "&INDEX('Inspection Log'!$AK$3:$AK$62,$M3)) | J3: =IF($M3="","","Export: "&IF(INDEX('Inspection Log'!$AS$3:$AS$62,$M3)="","NOT CLEAR",INDEX('Inspection Log'!$AS$3:$AS$62,$M3))&" / U.S.: "&IF(INDEX('Inspection Log'!$AT$3:$AT$62,$M3)="","NOT CLEAR",INDEX('Inspection Log'!$AT$3:$AT$62,$M3))&". "&INDEX('Inspection Log'!$AU$3:$AU$62,$M3)) | K3: =IF($M3="","",INDEX('Inspection Log'!$BB$3:$BB$62,$M3)) | L3: =IF($M3="","",HYPERLINK(INDEX('Inspection Log'!$D$3:$D$62,$M3),INDEX('Inspection Log'!$D$3:$D$62,$M3))) | M3: =IFERROR(MATCH(A3,Scoring!$S$6:$S$65,0),"")
A4: 3 | B4: =IF($M4="","",INDEX('Inspection Log'!$B$3:$B$62,$M4)) | C4: =IF($M4="","",INDEX(Scoring!$K$6:$K$65,$M4)) | D4: =IF($M4="","",INDEX(Scoring!$Q$6:$Q$65,$M4)) | E4: =IF($M4="","",INDEX(Scoring!$C$6:$C$65,$M4)&"/25 – evidence: "&IF(INDEX('Inspection Log'!$N$3:$N$62,$M4)="","NOT CLEAR",INDEX('Inspection Log'!$N$3:$N$62,$M4))&". "&INDEX('Inspection Log'!$M$3:$M$62,$M4)) | F4: =IF($M4="","",INDEX(Scoring!$D$6:$D$65,$M4)&"/20 – full customization: "&IF(INDEX('Inspection Log'!$AO$3:$AO$62,$M4)="","NOT CLEAR",INDEX('Inspection Log'!$AO$3:$AO$62,$M4))&". "&INDEX('Inspection Log'!$AN$3:$AN$62,$M4)) | G4: =IF($M4="","","Verified: "&IF(INDEX('Inspection Log'!$V$3:$V$62,$M4)="","NOT CLEAR",INDEX('Inspection Log'!$V$3:$V$62,$M4))&" / On-site: "&IF(INDEX('Inspection Log'!$X$3:$X$62,$M4)="","NOT SHOWN",INDEX('Inspection Log'!$X$3:$X$62,$M4))&" / 3rd-party: "&IF(INDEX('Inspection Log'!$Y$3:$Y$62,$M4)="","NOT SHOWN",INDEX('Inspection Log'!$Y$3:$Y$62,$M4))&" / Verifier: "&IF(INDEX('Inspection Log'!$W$3:$W$62,$M4)="","NOT SHOWN",INDEX('Inspection Log'!$W$3:$W$62,$M4))) | H4: =IF($M4="","",IF(INDEX('Inspection Log'!$AF$3:$AF$62,$M4)="","NOT SHOWN",INDEX('Inspection Log'!$AF$3:$AF$62,$M4))&"/5 from "&IF(INDEX('Inspection Log'!$AG$3:$AG$62,$M4)="","NOT SHOWN",INDEX('Inspection Log'!$AG$3:$AG$62,$M4))&" reviews. "&INDEX('Inspection Log'!$AI$3:$AI$62,$M4)) | I4: =IF($M4="","","Bad reviews: "&IF(INDEX('Inspection Log'!$AM$3:$AM$62,$M4)="","NOT CLEAR",INDEX('Inspection Log'!$AM$3:$AM$62,$M4))&"; repeated: "&IF(INDEX('Inspection Log'!$AL$3:$AL$62,$M4)="","NOT CLEAR",INDEX('Inspection Log'!$AL$3:$AL$62,$M4))&". "&INDEX('Inspection Log'!$AJ$3:$AJ$62,$M4)&" "&INDEX('Inspection Log'!$AK$3:$AK$62,$M4)) | J4: =IF($M4="","","Export: "&IF(INDEX('Inspection Log'!$AS$3:$AS$62,$M4)="","NOT CLEAR",INDEX('Inspection Log'!$AS$3:$AS$62,$M4))&" / U.S.: "&IF(INDEX('Inspection Log'!$AT$3:$AT$62,$M4)="","NOT CLEAR",INDEX('Inspection Log'!$AT$3:$AT$62,$M4))&". "&INDEX('Inspection Log'!$AU$3:$AU$62,$M4)) | K4: =IF($M4="","",INDEX('Inspection Log'!$BB$3:$BB$62,$M4)) | L4: =IF($M4="","",HYPERLINK(INDEX('Inspection Log'!$D$3:$D$62,$M4),INDEX('Inspection Log'!$D$3:$D$62,$M4))) | M4: =IFERROR(MATCH(A4,Scoring!$S$6:$S$65,0),"")
A5: 4 | B5: =IF($M5="","",INDEX('Inspection Log'!$B$3:$B$62,$M5)) | C5: =IF($M5="","",INDEX(Scoring!$K$6:$K$65,$M5)) | D5: =IF($M5="","",INDEX(Scoring!$Q$6:$Q$65,$M5)) | E5: =IF($M5="","",INDEX(Scoring!$C$6:$C$65,$M5)&"/25 – evidence: "&IF(INDEX('Inspection Log'!$N$3:$N$62,$M5)="","NOT CLEAR",INDEX('Inspection Log'!$N$3:$N$62,$M5))&". "&INDEX('Inspection Log'!$M$3:$M$62,$M5)) | F5: =IF($M5="","",INDEX(Scoring!$D$6:$D$65,$M5)&"/20 – full customization: "&IF(INDEX('Inspection Log'!$AO$3:$AO$62,$M5)="","NOT CLEAR",INDEX('Inspection Log'!$AO$3:$AO$62,$M5))&". "&INDEX('Inspection Log'!$AN$3:$AN$62,$M5)) | G5: =IF($M5="","","Verified: "&IF(INDEX('Inspection Log'!$V$3:$V$62,$M5)="","NOT CLEAR",INDEX('Inspection Log'!$V$3:$V$62,$M5))&" / On-site: "&IF(INDEX('Inspection Log'!$X$3:$X$62,$M5)="","NOT SHOWN",INDEX('Inspection Log'!$X$3:$X$62,$M5))&" / 3rd-party: "&IF(INDEX('Inspection Log'!$Y$3:$Y$62,$M5)="","NOT SHOWN",INDEX('Inspection Log'!$Y$3:$Y$62,$M5))&" / Verifier: "&IF(INDEX('Inspection Log'!$W$3:$W$62,$M5)="","NOT SHOWN",INDEX('Inspection Log'!$W$3:$W$62,$M5))) | H5: =IF($M5="","",IF(INDEX('Inspection Log'!$AF$3:$AF$62,$M5)="","NOT SHOWN",INDEX('Inspection Log'!$AF$3:$AF$62,$M5))&"/5 from "&IF(INDEX('Inspection Log'!$AG$3:$AG$62,$M5)="","NOT SHOWN",INDEX('Inspection Log'!$AG$3:$AG$62,$M5))&" reviews. "&INDEX('Inspection Log'!$AI$3:$AI$62,$M5)) | I5: =IF($M5="","","Bad reviews: "&IF(INDEX('Inspection Log'!$AM$3:$AM$62,$M5)="","NOT CLEAR",INDEX('Inspection Log'!$AM$3:$AM$62,$M5))&"; repeated: "&IF(INDEX('Inspection Log'!$AL$3:$AL$62,$M5)="","NOT CLEAR",INDEX('Inspection Log'!$AL$3:$AL$62,$M5))&". "&INDEX('Inspection Log'!$AJ$3:$AJ$62,$M5)&" "&INDEX('Inspection Log'!$AK$3:$AK$62,$M5)) | J5: =IF($M5="","","Export: "&IF(INDEX('Inspection Log'!$AS$3:$AS$62,$M5)="","NOT CLEAR",INDEX('Inspection Log'!$AS$3:$AS$62,$M5))&" / U.S.: "&IF(INDEX('Inspection Log'!$AT$3:$AT$62,$M5)="","NOT CLEAR",INDEX('Inspection Log'!$AT$3:$AT$62,$M5))&". "&INDEX('Inspection Log'!$AU$3:$AU$62,$M5)) | K5: =IF($M5="","",INDEX('Inspection Log'!$BB$3:$BB$62,$M5)) | L5: =IF($M5="","",HYPERLINK(INDEX('Inspection Log'!$D$3:$D$62,$M5),INDEX('Inspection Log'!$D$3:$D$62,$M5))) | M5: =IFERROR(MATCH(A5,Scoring!$S$6:$S$65,0),"")
A6: 5 | B6: =IF($M6="","",INDEX('Inspection Log'!$B$3:$B$62,$M6)) | C6: =IF($M6="","",INDEX(Scoring!$K$6:$K$65,$M6)) | D6: =IF($M6="","",INDEX(Scoring!$Q$6:$Q$65,$M6)) | E6: =IF($M6="","",INDEX(Scoring!$C$6:$C$65,$M6)&"/25 – evidence: "&IF(INDEX('Inspection Log'!$N$3:$N$62,$M6)="","NOT CLEAR",INDEX('Inspection Log'!$N$3:$N$62,$M6))&". "&INDEX('Inspection Log'!$M$3:$M$62,$M6)) | F6: =IF($M6="","",INDEX(Scoring!$D$6:$D$65,$M6)&"/20 – full customization: "&IF(INDEX('Inspection Log'!$AO$3:$AO$62,$M6)="","NOT CLEAR",INDEX('Inspection Log'!$AO$3:$AO$62,$M6))&". "&INDEX('Inspection Log'!$AN$3:$AN$62,$M6)) | G6: =IF($M6="","","Verified: "&IF(INDEX('Inspection Log'!$V$3:$V$62,$M6)="","NOT CLEAR",INDEX('Inspection Log'!$V$3:$V$62,$M6))&" / On-site: "&IF(INDEX('Inspection Log'!$X$3:$X$62,$M6)="","NOT SHOWN",INDEX('Inspection Log'!$X$3:$X$62,$M6))&" / 3rd-party: "&IF(INDEX('Inspection Log'!$Y$3:$Y$62,$M6)="","NOT SHOWN",INDEX('Inspection Log'!$Y$3:$Y$62,$M6))&" / Verifier: "&IF(INDEX('Inspection Log'!$W$3:$W$62,$M6)="","NOT SHOWN",INDEX('Inspection Log'!$W$3:$W$62,$M6))) | H6: =IF($M6="","",IF(INDEX('Inspection Log'!$AF$3:$AF$62,$M6)="","NOT SHOWN",INDEX('Inspection Log'!$AF$3:$AF$62,$M6))&"/5 from "&IF(INDEX('Inspection Log'!$AG$3:$AG$62,$M6)="","NOT SHOWN",INDEX('Inspection Log'!$AG$3:$AG$62,$M6))&" reviews. "&INDEX('Inspection Log'!$AI$3:$AI$62,$M6)) | I6: =IF($M6="","","Bad reviews: "&IF(INDEX('Inspection Log'!$AM$3:$AM$62,$M6)="","NOT CLEAR",INDEX('Inspection Log'!$AM$3:$AM$62,$M6))&"; repeated: "&IF(INDEX('Inspection Log'!$AL$3:$AL$62,$M6)="","NOT CLEAR",INDEX('Inspection Log'!$AL$3:$AL$62,$M6))&". "&INDEX('Inspection Log'!$AJ$3:$AJ$62,$M6)&" "&INDEX('Inspection Log'!$AK$3:$AK$62,$M6)) | J6: =IF($M6="","","Export: "&IF(INDEX('Inspection Log'!$AS$3:$AS$62,$M6)="","NOT CLEAR",INDEX('Inspection Log'!$AS$3:$AS$62,$M6))&" / U.S.: "&IF(INDEX('Inspection Log'!$AT$3:$AT$62,$M6)="","NOT CLEAR",INDEX('Inspection Log'!$AT$3:$AT$62,$M6))&". "&INDEX('Inspection Log'!$AU$3:$AU$62,$M6)) | K6: =IF($M6="","",INDEX('Inspection Log'!$BB$3:$BB$62,$M6)) | L6: =IF($M6="","",HYPERLINK(INDEX('Inspection Log'!$D$3:$D$62,$M6),INDEX('Inspection Log'!$D$3:$D$62,$M6))) | M6: =IFERROR(MATCH(A6,Scoring!$S$6:$S$65,0),"")
A7: 6 | B7: =IF($M7="","",INDEX('Inspection Log'!$B$3:$B$62,$M7)) | C7: =IF($M7="","",INDEX(Scoring!$K$6:$K$65,$M7)) | D7: =IF($M7="","",INDEX(Scoring!$Q$6:$Q$65,$M7)) | E7: =IF($M7="","",INDEX(Scoring!$C$6:$C$65,$M7)&"/25 – evidence: "&IF(INDEX('Inspection Log'!$N$3:$N$62,$M7)="","NOT CLEAR",INDEX('Inspection Log'!$N$3:$N$62,$M7))&". "&INDEX('Inspection Log'!$M$3:$M$62,$M7)) | F7: =IF($M7="","",INDEX(Scoring!$D$6:$D$65,$M7)&"/20 – full customization: "&IF(INDEX('Inspection Log'!$AO$3:$AO$62,$M7)="","NOT CLEAR",INDEX('Inspection Log'!$AO$3:$AO$62,$M7))&". "&INDEX('Inspection Log'!$AN$3:$AN$62,$M7)) | G7: =IF($M7="","","Verified: "&IF(INDEX('Inspection Log'!$V$3:$V$62,$M7)="","NOT CLEAR",INDEX('Inspection Log'!$V$3:$V$62,$M7))&" / On-site: "&IF(INDEX('Inspection Log'!$X$3:$X$62,$M7)="","NOT SHOWN",INDEX('Inspection Log'!$X$3:$X$62,$M7))&" / 3rd-party: "&IF(INDEX('Inspection Log'!$Y$3:$Y$62,$M7)="","NOT SHOWN",INDEX('Inspection Log'!$Y$3:$Y$62,$M7))&" / Verifier: "&IF(INDEX('Inspection Log'!$W$3:$W$62,$M7)="","NOT SHOWN",INDEX('Inspection Log'!$W$3:$W$62,$M7))) | H7: =IF($M7="","",IF(INDEX('Inspection Log'!$AF$3:$AF$62,$M7)="","NOT SHOWN",INDEX('Inspection Log'!$AF$3:$AF$62,$M7))&"/5 from "&IF(INDEX('Inspection Log'!$AG$3:$AG$62,$M7)="","NOT SHOWN",INDEX('Inspection Log'!$AG$3:$AG$62,$M7))&" reviews. "&INDEX('Inspection Log'!$AI$3:$AI$62,$M7)) | I7: =IF($M7="","","Bad reviews: "&IF(INDEX('Inspection Log'!$AM$3:$AM$62,$M7)="","NOT CLEAR",INDEX('Inspection Log'!$AM$3:$AM$62,$M7))&"; repeated: "&IF(INDEX('Inspection Log'!$AL$3:$AL$62,$M7)="","NOT CLEAR",INDEX('Inspection Log'!$AL$3:$AL$62,$M7))&". "&INDEX('Inspection Log'!$AJ$3:$AJ$62,$M7)&" "&INDEX('Inspection Log'!$AK$3:$AK$62,$M7)) | J7: =IF($M7="","","Export: "&IF(INDEX('Inspection Log'!$AS$3:$AS$62,$M7)="","NOT CLEAR",INDEX('Inspection Log'!$AS$3:$AS$62,$M7))&" / U.S.: "&IF(INDEX('Inspection Log'!$AT$3:$AT$62,$M7)="","NOT CLEAR",INDEX('Inspection Log'!$AT$3:$AT$62,$M7))&". "&INDEX('Inspection Log'!$AU$3:$AU$62,$M7)) | K7: =IF($M7="","",INDEX('Inspection Log'!$BB$3:$BB$62,$M7)) | L7: =IF($M7="","",HYPERLINK(INDEX('Inspection Log'!$D$3:$D$62,$M7),INDEX('Inspection Log'!$D$3:$D$62,$M7))) | M7: =IFERROR(MATCH(A7,Scoring!$S$6:$S$65,0),"")
A8: 7 | B8: =IF($M8="","",INDEX('Inspection Log'!$B$3:$B$62,$M8)) | C8: =IF($M8="","",INDEX(Scoring!$K$6:$K$65,$M8)) | D8: =IF($M8="","",INDEX(Scoring!$Q$6:$Q$65,$M8)) | E8: =IF($M8="","",INDEX(Scoring!$C$6:$C$65,$M8)&"/25 – evidence: "&IF(INDEX('Inspection Log'!$N$3:$N$62,$M8)="","NOT CLEAR",INDEX('Inspection Log'!$N$3:$N$62,$M8))&". "&INDEX('Inspection Log'!$M$3:$M$62,$M8)) | F8: =IF($M8="","",INDEX(Scoring!$D$6:$D$65,$M8)&"/20 – full customization: "&IF(INDEX('Inspection Log'!$AO$3:$AO$62,$M8)="","NOT CLEAR",INDEX('Inspection Log'!$AO$3:$AO$62,$M8))&". "&INDEX('Inspection Log'!$AN$3:$AN$62,$M8)) | G8: =IF($M8="","","Verified: "&IF(INDEX('Inspection Log'!$V$3:$V$62,$M8)="","NOT CLEAR",INDEX('Inspection Log'!$V$3:$V$62,$M8))&" / On-site: "&IF(INDEX('Inspection Log'!$X$3:$X$62,$M8)="","NOT SHOWN",INDEX('Inspection Log'!$X$3:$X$62,$M8))&" / 3rd-party: "&IF(INDEX('Inspection Log'!$Y$3:$Y$62,$M8)="","NOT SHOWN",INDEX('Inspection Log'!$Y$3:$Y$62,$M8))&" / Verifier: "&IF(INDEX('Inspection Log'!$W$3:$W$62,$M8)="","NOT SHOWN",INDEX('Inspection Log'!$W$3:$W$62,$M8))) | H8: =IF($M8="","",IF(INDEX('Inspection Log'!$AF$3:$AF$62,$M8)="","NOT SHOWN",INDEX('Inspection Log'!$AF$3:$AF$62,$M8))&"/5 from "&IF(INDEX('Inspection Log'!$AG$3:$AG$62,$M8)="","NOT SHOWN",INDEX('Inspection Log'!$AG$3:$AG$62,$M8))&" reviews. "&INDEX('Inspection Log'!$AI$3:$AI$62,$M8)) | I8: =IF($M8="","","Bad reviews: "&IF(INDEX('Inspection Log'!$AM$3:$AM$62,$M8)="","NOT CLEAR",INDEX('Inspection Log'!$AM$3:$AM$62,$M8))&"; repeated: "&IF(INDEX('Inspection Log'!$AL$3:$AL$62,$M8)="","NOT CLEAR",INDEX('Inspection Log'!$AL$3:$AL$62,$M8))&". "&INDEX('Inspection Log'!$AJ$3:$AJ$62,$M8)&" "&INDEX('Inspection Log'!$AK$3:$AK$62,$M8)) | J8: =IF($M8="","","Export: "&IF(INDEX('Inspection Log'!$AS$3:$AS$62,$M8)="","NOT CLEAR",INDEX('Inspection Log'!$AS$3:$AS$62,$M8))&" / U.S.: "&IF(INDEX('Inspection Log'!$AT$3:$AT$62,$M8)="","NOT CLEAR",INDEX('Inspection Log'!$AT$3:$AT$62,$M8))&". "&INDEX('Inspection Log'!$AU$3:$AU$62,$M8)) | K8: =IF($M8="","",INDEX('Inspection Log'!$BB$3:$BB$62,$M8)) | L8: =IF($M8="","",HYPERLINK(INDEX('Inspection Log'!$D$3:$D$62,$M8),INDEX('Inspection Log'!$D$3:$D$62,$M8))) | M8: =IFERROR(MATCH(A8,Scoring!$S$6:$S$65,0),"")
A9: 8 | B9: =IF($M9="","",INDEX('Inspection Log'!$B$3:$B$62,$M9)) | C9: =IF($M9="","",INDEX(Scoring!$K$6:$K$65,$M9)) | D9: =IF($M9="","",INDEX(Scoring!$Q$6:$Q$65,$M9)) | E9: =IF($M9="","",INDEX(Scoring!$C$6:$C$65,$M9)&"/25 – evidence: "&IF(INDEX('Inspection Log'!$N$3:$N$62,$M9)="","NOT CLEAR",INDEX('Inspection Log'!$N$3:$N$62,$M9))&". "&INDEX('Inspection Log'!$M$3:$M$62,$M9)) | F9: =IF($M9="","",INDEX(Scoring!$D$6:$D$65,$M9)&"/20 – full customization: "&IF(INDEX('Inspection Log'!$AO$3:$AO$62,$M9)="","NOT CLEAR",INDEX('Inspection Log'!$AO$3:$AO$62,$M9))&". "&INDEX('Inspection Log'!$AN$3:$AN$62,$M9)) | G9: =IF($M9="","","Verified: "&IF(INDEX('Inspection Log'!$V$3:$V$62,$M9)="","NOT CLEAR",INDEX('Inspection Log'!$V$3:$V$62,$M9))&" / On-site: "&IF(INDEX('Inspection Log'!$X$3:$X$62,$M9)="","NOT SHOWN",INDEX('Inspection Log'!$X$3:$X$62,$M9))&" / 3rd-party: "&IF(INDEX('Inspection Log'!$Y$3:$Y$62,$M9)="","NOT SHOWN",INDEX('Inspection Log'!$Y$3:$Y$62,$M9))&" / Verifier: "&IF(INDEX('Inspection Log'!$W$3:$W$62,$M9)="","NOT SHOWN",INDEX('Inspection Log'!$W$3:$W$62,$M9))) | H9: =IF($M9="","",IF(INDEX('Inspection Log'!$AF$3:$AF$62,$M9)="","NOT SHOWN",INDEX('Inspection Log'!$AF$3:$AF$62,$M9))&"/5 from "&IF(INDEX('Inspection Log'!$AG$3:$AG$62,$M9)="","NOT SHOWN",INDEX('Inspection Log'!$AG$3:$AG$62,$M9))&" reviews. "&INDEX('Inspection Log'!$AI$3:$AI$62,$M9)) | I9: =IF($M9="","","Bad reviews: "&IF(INDEX('Inspection Log'!$AM$3:$AM$62,$M9)="","NOT CLEAR",INDEX('Inspection Log'!$AM$3:$AM$62,$M9))&"; repeated: "&IF(INDEX('Inspection Log'!$AL$3:$AL$62,$M9)="","NOT CLEAR",INDEX('Inspection Log'!$AL$3:$AL$62,$M9))&". "&INDEX('Inspection Log'!$AJ$3:$AJ$62,$M9)&" "&INDEX('Inspection Log'!$AK$3:$AK$62,$M9)) | J9: =IF($M9="","","Export: "&IF(INDEX('Inspection Log'!$AS$3:$AS$62,$M9)="","NOT CLEAR",INDEX('Inspection Log'!$AS$3:$AS$62,$M9))&" / U.S.: "&IF(INDEX('Inspection Log'!$AT$3:$AT$62,$M9)="","NOT CLEAR",INDEX('Inspection Log'!$AT$3:$AT$62,$M9))&". "&INDEX('Inspection Log'!$AU$3:$AU$62,$M9)) | K9: =IF($M9="","",INDEX('Inspection Log'!$BB$3:$BB$62,$M9)) | L9: =IF($M9="","",HYPERLINK(INDEX('Inspection Log'!$D$3:$D$62,$M9),INDEX('Inspection Log'!$D$3:$D$62,$M9))) | M9: =IFERROR(MATCH(A9,Scoring!$S$6:$S$65,0),"")
A10: 9 | B10: =IF($M10="","",INDEX('Inspection Log'!$B$3:$B$62,$M10)) | C10: =IF($M10="","",INDEX(Scoring!$K$6:$K$65,$M10)) | D10: =IF($M10="","",INDEX(Scoring!$Q$6:$Q$65,$M10)) | E10: =IF($M10="","",INDEX(Scoring!$C$6:$C$65,$M10)&"/25 – evidence: "&IF(INDEX('Inspection Log'!$N$3:$N$62,$M10)="","NOT CLEAR",INDEX('Inspection Log'!$N$3:$N$62,$M10))&". "&INDEX('Inspection Log'!$M$3:$M$62,$M10)) | F10: =IF($M10="","",INDEX(Scoring!$D$6:$D$65,$M10)&"/20 – full customization: "&IF(INDEX('Inspection Log'!$AO$3:$AO$62,$M10)="","NOT CLEAR",INDEX('Inspection Log'!$AO$3:$AO$62,$M10))&". "&INDEX('Inspection Log'!$AN$3:$AN$62,$M10)) | G10: =IF($M10="","","Verified: "&IF(INDEX('Inspection Log'!$V$3:$V$62,$M10)="","NOT CLEAR",INDEX('Inspection Log'!$V$3:$V$62,$M10))&" / On-site: "&IF(INDEX('Inspection Log'!$X$3:$X$62,$M10)="","NOT SHOWN",INDEX('Inspection Log'!$X$3:$X$62,$M10))&" / 3rd-party: "&IF(INDEX('Inspection Log'!$Y$3:$Y$62,$M10)="","NOT SHOWN",INDEX('Inspection Log'!$Y$3:$Y$62,$M10))&" / Verifier: "&IF(INDEX('Inspection Log'!$W$3:$W$62,$M10)="","NOT SHOWN",INDEX('Inspection Log'!$W$3:$W$62,$M10))) | H10: =IF($M10="","",IF(INDEX('Inspection Log'!$AF$3:$AF$62,$M10)="","NOT SHOWN",INDEX('Inspection Log'!$AF$3:$AF$62,$M10))&"/5 from "&IF(INDEX('Inspection Log'!$AG$3:$AG$62,$M10)="","NOT SHOWN",INDEX('Inspection Log'!$AG$3:$AG$62,$M10))&" reviews. "&INDEX('Inspection Log'!$AI$3:$AI$62,$M10)) | I10: =IF($M10="","","Bad reviews: "&IF(INDEX('Inspection Log'!$AM$3:$AM$62,$M10)="","NOT CLEAR",INDEX('Inspection Log'!$AM$3:$AM$62,$M10))&"; repeated: "&IF(INDEX('Inspection Log'!$AL$3:$AL$62,$M10)="","NOT CLEAR",INDEX('Inspection Log'!$AL$3:$AL$62,$M10))&". "&INDEX('Inspection Log'!$AJ$3:$AJ$62,$M10)&" "&INDEX('Inspection Log'!$AK$3:$AK$62,$M10)) | J10: =IF($M10="","","Export: "&IF(INDEX('Inspection Log'!$AS$3:$AS$62,$M10)="","NOT CLEAR",INDEX('Inspection Log'!$AS$3:$AS$62,$M10))&" / U.S.: "&IF(INDEX('Inspection Log'!$AT$3:$AT$62,$M10)="","NOT CLEAR",INDEX('Inspection Log'!$AT$3:$AT$62,$M10))&". "&INDEX('Inspection Log'!$AU$3:$AU$62,$M10)) | K10: =IF($M10="","",INDEX('Inspection Log'!$BB$3:$BB$62,$M10)) | L10: =IF($M10="","",HYPERLINK(INDEX('Inspection Log'!$D$3:$D$62,$M10),INDEX('Inspection Log'!$D$3:$D$62,$M10))) | M10: =IFERROR(MATCH(A10,Scoring!$S$6:$S$65,0),"")
A11: 10 | B11: =IF($M11="","",INDEX('Inspection Log'!$B$3:$B$62,$M11)) | C11: =IF($M11="","",INDEX(Scoring!$K$6:$K$65,$M11)) | D11: =IF($M11="","",INDEX(Scoring!$Q$6:$Q$65,$M11)) | E11: =IF($M11="","",INDEX(Scoring!$C$6:$C$65,$M11)&"/25 – evidence: "&IF(INDEX('Inspection Log'!$N$3:$N$62,$M11)="","NOT CLEAR",INDEX('Inspection Log'!$N$3:$N$62,$M11))&". "&INDEX('Inspection Log'!$M$3:$M$62,$M11)) | F11: =IF($M11="","",INDEX(Scoring!$D$6:$D$65,$M11)&"/20 – full customization: "&IF(INDEX('Inspection Log'!$AO$3:$AO$62,$M11)="","NOT CLEAR",INDEX('Inspection Log'!$AO$3:$AO$62,$M11))&". "&INDEX('Inspection Log'!$AN$3:$AN$62,$M11)) | G11: =IF($M11="","","Verified: "&IF(INDEX('Inspection Log'!$V$3:$V$62,$M11)="","NOT CLEAR",INDEX('Inspection Log'!$V$3:$V$62,$M11))&" / On-site: "&IF(INDEX('Inspection Log'!$X$3:$X$62,$M11)="","NOT SHOWN",INDEX('Inspection Log'!$X$3:$X$62,$M11))&" / 3rd-party: "&IF(INDEX('Inspection Log'!$Y$3:$Y$62,$M11)="","NOT SHOWN",INDEX('Inspection Log'!$Y$3:$Y$62,$M11))&" / Verifier: "&IF(INDEX('Inspection Log'!$W$3:$W$62,$M11)="","NOT SHOWN",INDEX('Inspection Log'!$W$3:$W$62,$M11))) | H11: =IF($M11="","",IF(INDEX('Inspection Log'!$AF$3:$AF$62,$M11)="","NOT SHOWN",INDEX('Inspection Log'!$AF$3:$AF$62,$M11))&"/5 from "&IF(INDEX('Inspection Log'!$AG$3:$AG$62,$M11)="","NOT SHOWN",INDEX('Inspection Log'!$AG$3:$AG$62,$M11))&" reviews. "&INDEX('Inspection Log'!$AI$3:$AI$62,$M11)) | I11: =IF($M11="","","Bad reviews: "&IF(INDEX('Inspection Log'!$AM$3:$AM$62,$M11)="","NOT CLEAR",INDEX('Inspection Log'!$AM$3:$AM$62,$M11))&"; repeated: "&IF(INDEX('Inspection Log'!$AL$3:$AL$62,$M11)="","NOT CLEAR",INDEX('Inspection Log'!$AL$3:$AL$62,$M11))&". "&INDEX('Inspection Log'!$AJ$3:$AJ$62,$M11)&" "&INDEX('Inspection Log'!$AK$3:$AK$62,$M11)) | J11: =IF($M11="","","Export: "&IF(INDEX('Inspection Log'!$AS$3:$AS$62,$M11)="","NOT CLEAR",INDEX('Inspection Log'!$AS$3:$AS$62,$M11))&" / U.S.: "&IF(INDEX('Inspection Log'!$AT$3:$AT$62,$M11)="","NOT CLEAR",INDEX('Inspection Log'!$AT$3:$AT$62,$M11))&". "&INDEX('Inspection Log'!$AU$3:$AU$62,$M11)) | K11: =IF($M11="","",INDEX('Inspection Log'!$BB$3:$BB$62,$M11)) | L11: =IF($M11="","",HYPERLINK(INDEX('Inspection Log'!$D$3:$D$62,$M11),INDEX('Inspection Log'!$D$3:$D$62,$M11))) | M11: =IFERROR(MATCH(A11,Scoring!$S$6:$S$65,0),"")

Sheet Search Log
A1: # | B1: Alibaba search keyword | C1: Category | D1: Date searched | E1: Alibaba filters applied (e.g. Verified Supplier, Manufacturer, ≥4.5★, Trade Assurance) | F1: Result pages reviewed | G1: Stores opened | H1: Candidates added to Inspection Log (#s) | I1: Notes
A2: 1 | B2: portable house manufacturer | C2: General
A3: 2 | B3: portable house factory | C3: General
A4: 3 | B4: prefab house manufacturer | C4: Prefab / Modular
A5: 4 | B5: prefab house factory | C5: Prefab / Modular
A6: 5 | B6: prefabricated house factory | C6: Prefab / Modular
A7: 6 | B7: modular house manufacturer | C7: Prefab / Modular
A8: 7 | B8: modular house factory | C8: Prefab / Modular
A9: 8 | B9: modular home factory | C9: Prefab / Modular
A10: 9 | B10: prefab home manufacturer | C10: Prefab / Modular
A11: 10 | B11: folding house manufacturer | C11: Folding / Expandable
A12: 11 | B12: folding house factory | C12: Folding / Expandable
A13: 12 | B13: foldable house factory | C13: Folding / Expandable
... A53: 52 | B53: modular home 110V UL factory | C53: Other relevant

Sheet Previously Rejected
A1: Company | B1: Why it was rejected (prior indexed research – unverified) | C1: If found again live
A2: Xinyu Integrated Housing Co., Ltd. | B2: Alibaba label 'Multispecialty supplier' (trader signal); 760+ products. | C2: Re-inspect only if the live store contradicts this reason.
A3: Hig Housing Tech Co., Ltd. | B3: 'Multispecialty supplier' label; no factory data. | C3: Re-inspect only if the live store contradicts this reason.
A4: Dongguan Vanhe Modular House Co., Ltd. | B4: 'Multispecialty supplier'; only 924 m² floor area. | C4: Re-inspect only if the live store contradicts this reason.
A5: Hengxin New Energy Tech Co., Ltd. (hxhouse) | B5: 'Multispecialty supplier'; on Alibaba since 2024. | C5: Re-inspect only if the live store contradicts this reason.
A6: Shandong BY Steel Structure Co., Ltd. | B6: Under 1,000 m² and 91–100% export share – trading profile. | C6: Re-inspect only if the live store contradicts this reason.
A7: Zhejiang Honghuiyuan Import And Export Co., Ltd. | B7: Import-export company name; no manufacturing evidence. | C7: Re-inspect only if the live store contradicts this reason.
A8: Shanghai Changxu International Trade Co., Ltd. | B8: Trading company. | C8: Re-inspect only if the live store contradicts this reason.
A9: Tianjin Evermore International Co., Ltd. | B9: ~10 staff and ~110 m² facility (guide page); trading-style name. | C9: Re-inspect only if the live store contradicts this reason.
A10: Tianjin Yuantai Derun International Trade Co., Ltd. | B10: Trading company. | C10: Re-inspect only if the live store contradicts this reason.
A11: Wananhoo (Shenyang) Industrial Co., Ltd. | B11: About 1 year on Alibaba; no factory data. | C11: Re-inspect only if the live store contradicts this reason.
A12: Shandong Hessne Integrated House Co., Ltd. | B12: Founded 2024; office-room address; 3,618 m², 24 staff, 1 line. | C12: Re-inspect only if the live store contradicts this reason.
... A22: Foshan Bingcheng Steel Frame House Co., Ltd. | B22: Warehouse/workshop focus; 6,253 m². | C22: Re-inspect only if the live store contradicts this reason.
